instance,ga_mean,ga_max,ga_std,ga_time,greedy,greedy_time,ilp,ilp_time
V50E500,162.8,168,2.315167,7.3596,342,0.05,161,0.022
V50E750,132.4,138,2.8,7.3847,291,0.045,131,0.014
V50E1000,104.2,106,0.6,6.8597,214,0.038,104,0.014
V150E750,1132.1,1235,56.379872,34.1636,1508,2.625,866,0.042
V150E1000,931.2,1016,57.528775,33.4007,1246,2.707,726,0.569
V150E2000,534.1,593,33.422896,40.3381,850,2.627,428,0.207
V250E1000,2736.3,3028,171.685206,110.8634,3497,20.719,1902,0.058
V250E2000,1726.2,2016,120.671289,105.5266,2314,22.126,1150,0.106
V250E3000,1413.2,1548,72.200831,106.5668,1562,22.03,824,1.004
