instance,ga_mean,ga_max,ga_std,ga_time,greedy,greedy_time,ilp,ilp_time
V50E50,922,922,0,11.4939,1124,0.026,814,0.009
V50E100,748.7,755,2.1,10.7698,1084,0.052,668,0.011
V50E250,360.2,372,5.912698,10.6194,613,0.074,357,0.032
V150E150,2709.6,2753,15.311434,40.5107,3322,1.626,2285,0.015
V150E250,2218.3,2276,31.032402,44.3744,2782,2.17,1890,0.017
V150E500,1454.4,1526,41.173292,52.5827,1952,2.562,1244,0.061
V250E250,4843.8,5017,83.522213,113.5303,5557,12.748,3846,0.02
V250E500,3900.4,4034,97.473278,130.7143,4675,17.93,2952,0.026
V250E750,3241.6,3435,82.186617,136.9212,4182,19.241,2350,0.029
