instance,ga_mean,ga_max,ga_std,ga_time,greedy,greedy_time,ilp,ilp_time
V500E1000,5717.7,5721,4.22019,615.4095,8429,231.2315,5678,3.7483
V500E2000,3675.0,3699,24.32014,614.5641,6160,292.5303,3606,7.5413
V500E5000,1825.7,1833,5.330103,605.6584,3582,342.6431,1786,22.2794
V800E1000,10918.4,11411,193.10295,657.0487,16064,1245.0842,10864,9.5204
V800E2000,7911.0,7927,8.0,627.7354,12284,1736.105,7880,19.5504
V800E5000,4535.1,5434,389.6384,627.9002,7394,2233.996,4412,48.7607
V1000E1000,14667.0,14667,0.0,754.7649,20994,2845.0072,14660,16.3556
V1000E5000,6792.3,7671,249.749,680.4351,10724,6192.2993,6512,77.6117
V1000E10000,4124.0,4149,12.5,665.7487,7324,6154.1804,3924,174.1637
