instance,ga_mean,ga_max,ga_std,ga_time,greedy,greedy_time,ilp,ilp_time
V50E50,814.0,814,0.0,3.5716,1124,0.027,814,0.0133
V50E100,668.4,672,1.2,2.9699,1084,0.0362,668,0.0177
V50E250,357.4,358,0.489898,2.4415,613,0.0402,357,0.042
V150E150,2295.0,2316,10.825895,21.7394,3322,1.5211,2285,0.073
V150E250,1924.8,1975,29.112884,20.0036,2782,1.8463,1890,0.1067
V150E500,1308.7,1375,35.872134,17.1767,1952,2.5383,1244,0.3301
V250E250,3870.9,3910,21.851545,68.8508,5557,13.0398,3846,0.2667
V250E500,3001.2,3094,48.704825,60.3758,4675,16.5351,2952,0.4971
V250E750,2411.8,2474,27.690432,54.1388,4182,21.1484,2350,0.7888
