instance,ga_mean,ga_max,ga_std,ga_time,greedy,greedy_time,ilp,ilp_time
V50E500,161.0,161,0.0,21.5356,342,0.0519,161,0.0642
V50E750,131.0,131,0.0,21.2449,291,0.0476,131,0.0605
V50E1000,104.0,104,0.0,19.0988,214,0.0385,104,0.0802
V150E750,881.0,893,11.198214,121.959,1508,2.6159,866,0.3358
V150E1000,736.5,738,1.5,114.4981,1246,2.6573,726,1.1241
V150E2000,450.3,460,11.747766,102.4953,850,2.5234,428,0.9351
V250E1000,1958.3,1961,0.9,414.4264,3497,20.4099,1902,0.9947
V250E2000,1181.5,1185,2.291288,314.4318,2314,21.5392,1150,1.9046
V250E3000,865.8,871,9.610411,293.0337,1562,21.3569,824,4.2341
